,airplane,automobile,bird,cat,deer,dog,frog,horse,ship,truck
airplane,0.0,15.0,15.0,15.0,15.0,15.0,15.0,15.0,15.0,15.0
automobile,15.0,0.0,15.0,15.0,15.0,15.0,15.0,15.0,15.0,15.0
bird,15.0,15.0,0.0,15.0,15.0,15.0,15.0,15.0,15.0,15.0
cat,15.0,15.0,15.0,0.0,15.0,15.0,15.0,15.0,15.0,15.0
deer,15.0,15.0,15.0,15.0,0.0,15.0,15.0,15.0,15.0,15.0
dog,15.0,15.0,15.0,15.0,15.0,0.0,15.0,15.0,15.0,15.0
frog,15.0,15.0,15.0,15.0,15.0,15.0,0.0,15.0,15.0,15.0
horse,15.0,15.0,15.0,15.0,15.0,15.0,15.0,0.0,15.0,15.0
ship,15.0,15.0,15.0,15.0,15.0,15.0,15.0,15.0,0.0,15.0
truck,15.0,15.0,15.0,15.0,15.0,15.0,15.0,15.0,15.0,0.0
