model,role,split,threshold,samples,accepted,reviewed,coverage,review_rate,accuracy_accepted,errors_accepted,errors_caught_by_review,error_cost,review_cost,total_cost,cost_per_1000,savings_vs_trust_all_pct,savings_vs_review_all_pct
baseline_cnn,tuning,validation,0.0,5000,5000,0,1.0,0.0,0.7926,1037,0,15555.0,0.0,15555.0,3111.0,0.0,-211.10000000000002
baseline_cnn,tuning,validation,0.01,5000,5000,0,1.0,0.0,0.7926,1037,0,15555.0,0.0,15555.0,3111.0,0.0,-211.10000000000002
baseline_cnn,tuning,validation,0.02,5000,5000,0,1.0,0.0,0.7926,1037,0,15555.0,0.0,15555.0,3111.0,0.0,-211.10000000000002
baseline_cnn,tuning,validation,0.03,5000,5000,0,1.0,0.0,0.7926,1037,0,15555.0,0.0,15555.0,3111.0,0.0,-211.10000000000002
baseline_cnn,tuning,validation,0.04,5000,5000,0,1.0,0.0,0.7926,1037,0,15555.0,0.0,15555.0,3111.0,0.0,-211.10000000000002
baseline_cnn,tuning,validation,0.05,5000,5000,0,1.0,0.0,0.7926,1037,0,15555.0,0.0,15555.0,3111.0,0.0,-211.10000000000002
baseline_cnn,tuning,validation,0.06,5000,5000,0,1.0,0.0,0.7926,1037,0,15555.0,0.0,15555.0,3111.0,0.0,-211.10000000000002
baseline_cnn,tuning,validation,0.07,5000,5000,0,1.0,0.0,0.7926,1037,0,15555.0,0.0,15555.0,3111.0,0.0,-211.10000000000002
baseline_cnn,tuning,validation,0.08,5000,5000,0,1.0,0.0,0.7926,1037,0,15555.0,0.0,15555.0,3111.0,0.0,-211.10000000000002
baseline_cnn,tuning,validation,0.09,5000,5000,0,1.0,0.0,0.7926,1037,0,15555.0,0.0,15555.0,3111.0,0.0,-211.10000000000002
baseline_cnn,tuning,validation,0.1,5000,5000,0,1.0,0.0,0.7926,1037,0,15555.0,0.0,15555.0,3111.0,0.0,-211.10000000000002
baseline_cnn,tuning,validation,0.11,5000,5000,0,1.0,0.0,0.7926,1037,0,15555.0,0.0,15555.0,3111.0,0.0,-211.10000000000002
baseline_cnn,tuning,validation,0.12,5000,5000,0,1.0,0.0,0.7926,1037,0,15555.0,0.0,15555.0,3111.0,0.0,-211.10000000000002
baseline_cnn,tuning,validation,0.13,5000,5000,0,1.0,0.0,0.7926,1037,0,15555.0,0.0,15555.0,3111.0,0.0,-211.10000000000002
baseline_cnn,tuning,validation,0.14,5000,5000,0,1.0,0.0,0.7926,1037,0,15555.0,0.0,15555.0,3111.0,0.0,-211.10000000000002
baseline_cnn,tuning,validation,0.15,5000,5000,0,1.0,0.0,0.7926,1037,0,15555.0,0.0,15555.0,3111.0,0.0,-211.10000000000002
baseline_cnn,tuning,validation,0.16,5000,5000,0,1.0,0.0,0.7926,1037,0,15555.0,0.0,15555.0,3111.0,0.0,-211.10000000000002
baseline_cnn,tuning,validation,0.17,5000,5000,0,1.0,0.0,0.7926,1037,0,15555.0,0.0,15555.0,3111.0,0.0,-211.10000000000002
baseline_cnn,tuning,validation,0.18,5000,5000,0,1.0,0.0,0.7926,1037,0,15555.0,0.0,15555.0,3111.0,0.0,-211.10000000000002
baseline_cnn,tuning,validation,0.19,5000,5000,0,1.0,0.0,0.7926,1037,0,15555.0,0.0,15555.0,3111.0,0.0,-211.10000000000002
baseline_cnn,tuning,validation,0.2,5000,5000,0,1.0,0.0,0.7926,1037,0,15555.0,0.0,15555.0,3111.0,0.0,-211.10000000000002
baseline_cnn,tuning,validation,0.21,5000,5000,0,1.0,0.0,0.7926,1037,0,15555.0,0.0,15555.0,3111.0,0.0,-211.10000000000002
baseline_cnn,tuning,validation,0.22,5000,4999,1,0.9998,0.0002,0.792758551710342,1036,1,15540.0,1.0,15541.0,3108.2000000000003,0.0900032144005143,-210.82
baseline_cnn,tuning,validation,0.23,5000,4997,3,0.9994,0.0006,0.7928757254352612,1035,2,15525.0,3.0,15528.0,3105.6,0.17357762777242045,-210.56
baseline_cnn,tuning,validation,0.24,5000,4996,4,0.9992,0.0008,0.7930344275420337,1034,3,15510.0,4.0,15514.0,3102.7999999999997,0.26358084217293476,-210.27999999999997
baseline_cnn,tuning,validation,0.25,5000,4994,6,0.9988,0.0012,0.7933520224269123,1032,5,15480.0,6.0,15486.0,3097.2,0.4435872709739634,-209.72
baseline_cnn,tuning,validation,0.26,5000,4990,10,0.998,0.002,0.7939879759519038,1028,9,15420.0,10.0,15430.0,3086.0,0.8036001285760206,-208.6
baseline_cnn,tuning,validation,0.27,5000,4983,17,0.9966,0.0034,0.7951033513947421,1021,16,15315.0,17.0,15332.0,3066.3999999999996,1.4336226293796206,-206.64
baseline_cnn,tuning,validation,0.28,5000,4978,22,0.9956,0.0044,0.7955002008838891,1018,19,15270.0,22.0,15292.0,3058.3999999999996,1.6907746705239473,-205.83999999999997
baseline_cnn,tuning,validation,0.29,5000,4973,27,0.9946,0.0054,0.7960989342449226,1014,23,15210.0,27.0,15237.0,3047.4,2.0443587270973964,-204.74
baseline_cnn,tuning,validation,0.3,5000,4965,35,0.993,0.007,0.7969788519637462,1008,29,15120.0,35.0,15155.0,3031.0,2.571520411443266,-203.10000000000002
baseline_cnn,tuning,validation,0.31,5000,4954,46,0.9908,0.0092,0.7979410577311263,1001,36,15015.0,46.0,15061.0,3012.2,3.175827708132433,-201.22
baseline_cnn,tuning,validation,0.32,5000,4935,65,0.987,0.013,0.7995947315096251,989,48,14835.0,65.0,14900.0,2980.0,4.210864673738348,-198.0
baseline_cnn,tuning,validation,0.33,5000,4917,83,0.9834,0.0166,0.8008948545861297,979,58,14685.0,83.0,14768.0,2953.6,5.059466409514625,-195.36
baseline_cnn,tuning,validation,0.34,5000,4900,100,0.98,0.02,0.8026530612244898,967,70,14505.0,100.0,14605.0,2921.0,6.107360977177756,-192.1
baseline_cnn,tuning,validation,0.35,5000,4886,114,0.9772,0.0228,0.803520261972984,960,77,14400.0,114.0,14514.0,2902.8,6.692381870781099,-190.28
baseline_cnn,tuning,validation,0.36,5000,4865,135,0.973,0.027,0.8067831449126414,940,97,14100.0,135.0,14235.0,2847.0,8.486017357762778,-184.7
baseline_cnn,tuning,validation,0.37,5000,4839,161,0.9678,0.0322,0.810291382517049,918,119,13770.0,161.0,13931.0,2786.2,10.44037287045966,-178.62
baseline_cnn,tuning,validation,0.38,5000,4816,184,0.9632,0.0368,0.8129152823920266,901,136,13515.0,184.0,13699.0,2739.7999999999997,11.931854709096754,-173.98
baseline_cnn,tuning,validation,0.39,5000,4795,205,0.959,0.041,0.8148070907194995,888,149,13320.0,205.0,13525.0,2705.0,13.050466088074575,-170.5
baseline_cnn,tuning,validation,0.4,5000,4771,229,0.9542,0.0458,0.8178578914273738,869,168,13035.0,229.0,13264.0,2652.8,14.728383156541305,-165.28
baseline_cnn,tuning,validation,0.41,5000,4747,253,0.9494,0.0506,0.820096903307352,854,183,12810.0,253.0,13063.0,2612.6,16.020572163291547,-161.26
baseline_cnn,tuning,validation,0.42,5000,4723,277,0.9446,0.0554,0.8223586703366504,839,198,12585.0,277.0,12862.0,2572.4,17.31276117004179,-157.24
baseline_cnn,tuning,validation,0.43,5000,4695,305,0.939,0.061,0.82555910543131,819,218,12285.0,305.0,12590.0,2518.0,19.061395049823208,-151.8
baseline_cnn,tuning,validation,0.44,5000,4670,330,0.934,0.066,0.8278372591006424,804,233,12060.0,330.0,12390.0,2478.0,20.34715525554484,-147.8
baseline_cnn,tuning,validation,0.45,5000,4635,365,0.927,0.073,0.8314994606256743,781,256,11715.0,365.0,12080.0,2416.0,22.34008357441337,-141.6
baseline_cnn,tuning,validation,0.46,5000,4594,406,0.9188,0.0812,0.8347845015237266,759,278,11385.0,406.0,11791.0,2358.2000000000003,24.198007071681133,-135.82
baseline_cnn,tuning,validation,0.47,5000,4557,443,0.9114,0.0886,0.8376124643405749,740,297,11100.0,443.0,11543.0,2308.6000000000004,25.792349726775953,-130.85999999999999
baseline_cnn,tuning,validation,0.48,5000,4522,478,0.9044,0.0956,0.8401149933657673,723,314,10845.0,478.0,11323.0,2264.6000000000004,27.206685953069755,-126.46
baseline_cnn,tuning,validation,0.49,5000,4490,510,0.898,0.102,0.842316258351893,708,329,10620.0,510.0,11130.0,2226.0,28.44744455159113,-122.6
baseline_cnn,tuning,validation,0.5,5000,4446,554,0.8892,0.1108,0.8445793972109762,691,346,10365.0,554.0,10919.0,2183.8,29.80392156862745,-118.38
baseline_cnn,tuning,validation,0.51,5000,4399,601,0.8798,0.1202,0.8481473062059559,668,369,10020.0,601.0,10621.0,2124.2000000000003,31.719704275152683,-112.42000000000002
baseline_cnn,tuning,validation,0.52,5000,4354,646,0.8708,0.1292,0.8520900321543409,644,393,9660.0,646.0,10306.0,2061.2,33.744776599164254,-106.11999999999999
baseline_cnn,tuning,validation,0.53,5000,4309,691,0.8618,0.1382,0.8549547458807147,625,412,9375.0,691.0,10066.0,2013.1999999999998,35.287688846030214,-101.32000000000001
baseline_cnn,tuning,validation,0.54,5000,4260,740,0.852,0.148,0.8598591549295774,597,440,8955.0,740.0,9695.0,1939.0,37.67277402764385,-93.89999999999999
baseline_cnn,tuning,validation,0.55,5000,4212,788,0.8424,0.1576,0.8637226970560304,574,463,8610.0,788.0,9398.0,1879.6,39.58212793314047,-87.96000000000001
baseline_cnn,tuning,validation,0.56,5000,4176,824,0.8352,0.1648,0.8668582375478927,556,481,8340.0,824.0,9164.0,1832.8,41.08646737383478,-83.28
baseline_cnn,tuning,validation,0.57,5000,4128,872,0.8256,0.1744,0.872093023255814,528,509,7920.0,872.0,8792.0,1758.3999999999999,43.47798135647702,-75.84
baseline_cnn,tuning,validation,0.58,5000,4084,916,0.8168,0.1832,0.876101860920666,506,531,7590.0,916.0,8506.0,1701.2,45.31661845065895,-70.12
baseline_cnn,tuning,validation,0.59,5000,4036,964,0.8072,0.1928,0.8798315163528245,485,552,7275.0,964.0,8239.0,1647.8,47.033108325297334,-64.78
baseline_cnn,tuning,validation,0.6,5000,3994,1006,0.7988,0.2012,0.8833249874812218,466,571,6990.0,1006.0,7996.0,1599.2,48.595306975249116,-59.919999999999995
baseline_cnn,tuning,validation,0.61,5000,3937,1063,0.7874,0.2126,0.889763779527559,434,603,6510.0,1063.0,7573.0,1514.6,51.314689810350366,-51.459999999999994
baseline_cnn,tuning,validation,0.62,5000,3889,1111,0.7778,0.2222,0.8945744407302648,410,627,6150.0,1111.0,7261.0,1452.2,53.32047573127612,-45.22
baseline_cnn,tuning,validation,0.63,5000,3856,1144,0.7712,0.2288,0.89548755186722,403,634,6045.0,1144.0,7189.0,1437.8,53.7833494053359,-43.78
baseline_cnn,tuning,validation,0.64,5000,3820,1180,0.764,0.236,0.8976439790575916,391,646,5865.0,1180.0,7045.0,1409.0,54.709096753455476,-40.9
baseline_cnn,tuning,validation,0.65,5000,3785,1215,0.757,0.243,0.9003963011889036,377,660,5655.0,1215.0,6870.0,1374.0,55.834136933461906,-37.4
baseline_cnn,tuning,validation,0.66,5000,3738,1262,0.7476,0.2524,0.9034242910647405,361,676,5415.0,1262.0,6677.0,1335.3999999999999,57.07489553198328,-33.54
baseline_cnn,tuning,validation,0.67,5000,3702,1298,0.7404,0.2596,0.9070772555375473,344,693,5160.0,1298.0,6458.0,1291.6000000000001,58.48280295724847,-29.160000000000004
baseline_cnn,tuning,validation,0.68,5000,3663,1337,0.7326,0.2674,0.9093639093639093,332,705,4980.0,1337.0,6317.0,1263.4,59.38926390228222,-26.340000000000003
baseline_cnn,tuning,validation,0.69,5000,3622,1378,0.7244,0.2756,0.9127553837658752,316,721,4740.0,1378.0,6118.0,1223.6,60.66859530697525,-22.36
baseline_cnn,tuning,validation,0.7,5000,3574,1426,0.7148,0.2852,0.9171796306659206,296,741,4440.0,1426.0,5866.0,1173.2,62.2886531661845,-17.32
baseline_cnn,tuning,validation,0.71,5000,3530,1470,0.706,0.294,0.9203966005665722,281,756,4215.0,1470.0,5685.0,1137.0,63.45226615236258,-13.700000000000001
baseline_cnn,tuning,validation,0.72,5000,3493,1507,0.6986,0.3014,0.9218436873747495,273,764,4095.0,1507.0,5602.0,1120.4,63.98585663773706,-12.04
baseline_cnn,tuning,validation,0.73,5000,3439,1561,0.6878,0.3122,0.9261413201512068,254,783,3810.0,1561.0,5371.0,1074.2,65.47090967534555,-7.42
baseline_cnn,tuning,validation,0.74,5000,3388,1612,0.6776,0.3224,0.9303423848878394,236,801,3540.0,1612.0,5152.0,1030.4,66.87881710061073,-3.04
baseline_cnn,tuning,validation,0.75,5000,3345,1655,0.669,0.331,0.9327354260089686,225,812,3375.0,1655.0,5030.0,1006.0,67.66313082610094,-0.6
baseline_cnn,tuning,validation,0.76,5000,3299,1701,0.6598,0.3402,0.9345256138223704,216,821,3240.0,1701.0,4941.0,988.1999999999999,68.23529411764706,1.18
baseline_cnn,tuning,validation,0.77,5000,3254,1746,0.6508,0.3492,0.9360786724031961,208,829,3120.0,1746.0,4866.0,973.1999999999999,68.71745419479267,2.68
baseline_cnn,tuning,validation,0.78,5000,3201,1799,0.6402,0.3598,0.9397063417681975,193,844,2895.0,1799.0,4694.0,938.8,69.82320797171327,6.12
baseline_cnn,tuning,validation,0.79,5000,3144,1856,0.6288,0.3712,0.9427480916030534,180,857,2700.0,1856.0,4556.0,911.2,70.7103825136612,8.88
baseline_cnn,tuning,validation,0.8,5000,3094,1906,0.6188,0.3812,0.9463477698771816,166,871,2490.0,1906.0,4396.0,879.1999999999999,71.73899067823851,12.08
baseline_cnn,tuning,validation,0.81,5000,3027,1973,0.6054,0.3946,0.9491245457548728,154,883,2310.0,1973.0,4283.0,856.6,72.46544519447123,14.34
baseline_cnn,tuning,validation,0.82,5000,2963,2037,0.5926,0.4074,0.9530880863989201,139,898,2085.0,2037.0,4122.0,824.4,73.50048216007714,17.560000000000002
baseline_cnn,tuning,validation,0.83,5000,2918,2082,0.5836,0.4164,0.9554489376285127,130,907,1950.0,2082.0,4032.0,806.4,74.07907425265188,19.36
baseline_cnn,tuning,validation,0.84,5000,2872,2128,0.5744,0.4256,0.9575208913649025,122,915,1830.0,2128.0,3958.0,791.6,74.55480552876888,20.84
baseline_cnn,tuning,validation,0.85,5000,2815,2185,0.563,0.437,0.9612788632326821,109,928,1635.0,2185.0,3820.0,764.0,75.44198007071681,23.599999999999998
baseline_cnn,tuning,validation,0.86,5000,2747,2253,0.5494,0.4506,0.9643247178740444,98,939,1470.0,2253.0,3723.0,744.6,76.0655737704918,25.540000000000003
baseline_cnn,tuning,validation,0.87,5000,2683,2317,0.5366,0.4634,0.9672008945210585,88,949,1320.0,2317.0,3637.0,727.4000000000001,76.61845065895211,27.26
baseline_cnn,tuning,validation,0.88,5000,2604,2396,0.5208,0.4792,0.9708141321044547,76,961,1140.0,2396.0,3536.0,707.2,77.26775956284153,29.28
baseline_cnn,tuning,validation,0.89,5000,2526,2474,0.5052,0.4948,0.9738717339667459,66,971,990.0,2474.0,3464.0,692.8,77.73063323690131,30.72
baseline_cnn,tuning,validation,0.9,5000,2452,2548,0.4904,0.5096,0.9759380097879282,59,978,885.0,2548.0,3433.0,686.6,77.92992606878816,31.34
baseline_cnn,tuning,validation,0.91,5000,2364,2636,0.4728,0.5272,0.9767343485617598,55,982,825.0,2636.0,3461.0,692.2,77.74991963998714,30.78
baseline_cnn,tuning,validation,0.92,5000,2301,2699,0.4602,0.5398,0.9769665362885702,53,984,795.0,2699.0,3494.0,698.8,77.53776920604307,30.12
baseline_cnn,tuning,validation,0.93,5000,2199,2801,0.4398,0.5602,0.979081400636653,46,991,690.0,2801.0,3491.0,698.2,77.5570556091289,30.18
baseline_cnn,tuning,validation,0.94,5000,2064,2936,0.4128,0.5872,0.9849806201550387,31,1006,465.0,2936.0,3401.0,680.2,78.13564770170363,31.979999999999997
baseline_cnn,tuning,validation,0.95,5000,1950,3050,0.39,0.61,0.9856410256410256,28,1009,420.0,3050.0,3470.0,694.0,77.69206043072967,30.599999999999998
baseline_cnn,tuning,validation,0.96,5000,1829,3171,0.3658,0.6342,0.9917987971569163,15,1022,225.0,3171.0,3396.0,679.2,78.16779170684667,32.08
baseline_cnn,tuning,validation,0.97,5000,1672,3328,0.3344,0.6656,0.993421052631579,11,1026,165.0,3328.0,3493.0,698.6,77.54419800707169,30.14
baseline_cnn,tuning,validation,0.98,5000,1445,3555,0.289,0.711,0.9965397923875432,5,1032,75.0,3555.0,3630.0,726.0,76.66345226615236,27.400000000000002
baseline_cnn,tuning,validation,0.99,5000,1117,3883,0.2234,0.7766,0.9982094897045658,2,1035,30.0,3883.0,3913.0,782.5999999999999,74.84410157505626,21.740000000000002
baseline_cnn,report,test,0.0,10000,10000,0,1.0,0.0,0.7975,2025,0,30375.0,0.0,30375.0,3037.5,0.0,-203.75
baseline_cnn,report,test,0.01,10000,10000,0,1.0,0.0,0.7975,2025,0,30375.0,0.0,30375.0,3037.5,0.0,-203.75
baseline_cnn,report,test,0.02,10000,10000,0,1.0,0.0,0.7975,2025,0,30375.0,0.0,30375.0,3037.5,0.0,-203.75
baseline_cnn,report,test,0.03,10000,10000,0,1.0,0.0,0.7975,2025,0,30375.0,0.0,30375.0,3037.5,0.0,-203.75
baseline_cnn,report,test,0.04,10000,10000,0,1.0,0.0,0.7975,2025,0,30375.0,0.0,30375.0,3037.5,0.0,-203.75
baseline_cnn,report,test,0.05,10000,10000,0,1.0,0.0,0.7975,2025,0,30375.0,0.0,30375.0,3037.5,0.0,-203.75
baseline_cnn,report,test,0.06,10000,10000,0,1.0,0.0,0.7975,2025,0,30375.0,0.0,30375.0,3037.5,0.0,-203.75
baseline_cnn,report,test,0.07,10000,10000,0,1.0,0.0,0.7975,2025,0,30375.0,0.0,30375.0,3037.5,0.0,-203.75
baseline_cnn,report,test,0.08,10000,10000,0,1.0,0.0,0.7975,2025,0,30375.0,0.0,30375.0,3037.5,0.0,-203.75
baseline_cnn,report,test,0.09,10000,10000,0,1.0,0.0,0.7975,2025,0,30375.0,0.0,30375.0,3037.5,0.0,-203.75
baseline_cnn,report,test,0.1,10000,10000,0,1.0,0.0,0.7975,2025,0,30375.0,0.0,30375.0,3037.5,0.0,-203.75
baseline_cnn,report,test,0.11,10000,10000,0,1.0,0.0,0.7975,2025,0,30375.0,0.0,30375.0,3037.5,0.0,-203.75
baseline_cnn,report,test,0.12,10000,10000,0,1.0,0.0,0.7975,2025,0,30375.0,0.0,30375.0,3037.5,0.0,-203.75
baseline_cnn,report,test,0.13,10000,10000,0,1.0,0.0,0.7975,2025,0,30375.0,0.0,30375.0,3037.5,0.0,-203.75
baseline_cnn,report,test,0.14,10000,10000,0,1.0,0.0,0.7975,2025,0,30375.0,0.0,30375.0,3037.5,0.0,-203.75
baseline_cnn,report,test,0.15,10000,10000,0,1.0,0.0,0.7975,2025,0,30375.0,0.0,30375.0,3037.5,0.0,-203.75
baseline_cnn,report,test,0.16,10000,10000,0,1.0,0.0,0.7975,2025,0,30375.0,0.0,30375.0,3037.5,0.0,-203.75
baseline_cnn,report,test,0.17,10000,10000,0,1.0,0.0,0.7975,2025,0,30375.0,0.0,30375.0,3037.5,0.0,-203.75
baseline_cnn,report,test,0.18,10000,10000,0,1.0,0.0,0.7975,2025,0,30375.0,0.0,30375.0,3037.5,0.0,-203.75
baseline_cnn,report,test,0.19,10000,10000,0,1.0,0.0,0.7975,2025,0,30375.0,0.0,30375.0,3037.5,0.0,-203.75
baseline_cnn,report,test,0.2,10000,10000,0,1.0,0.0,0.7975,2025,0,30375.0,0.0,30375.0,3037.5,0.0,-203.75
baseline_cnn,report,test,0.21,10000,9999,1,0.9999,0.0001,0.7975797579757976,2024,1,30360.0,1.0,30361.0,3036.1,0.046090534979423864,-203.60999999999999
baseline_cnn,report,test,0.22,10000,9997,3,0.9997,0.0003,0.797739321796539,2022,3,30330.0,3.0,30333.0,3033.3,0.1382716049382716,-203.33
baseline_cnn,report,test,0.23,10000,9993,7,0.9993,0.0007,0.7980586410487341,2018,7,30270.0,7.0,30277.0,3027.7,0.3226337448559671,-202.76999999999998
baseline_cnn,report,test,0.24,10000,9988,12,0.9988,0.0012,0.7982579094913896,2015,10,30225.0,12.0,30237.0,3023.7,0.454320987654321,-202.36999999999998
baseline_cnn,report,test,0.25,10000,9982,18,0.9982,0.0018,0.7984371869364857,2012,13,30180.0,18.0,30198.0,3019.8,0.582716049382716,-201.98000000000002
baseline_cnn,report,test,0.26,10000,9976,24,0.9976,0.0024,0.7989174017642342,2006,19,30090.0,24.0,30114.0,3011.4,0.8592592592592593,-201.14000000000001
baseline_cnn,report,test,0.27,10000,9967,33,0.9967,0.0033,0.7994381458814086,1999,26,29985.0,33.0,30018.0,3001.7999999999997,1.1753086419753085,-200.17999999999998
baseline_cnn,report,test,0.28,10000,9954,46,0.9954,0.0046,0.8002812939521801,1988,37,29820.0,46.0,29866.0,2986.6000000000004,1.6757201646090534,-198.66
baseline_cnn,report,test,0.29,10000,9931,69,0.9931,0.0069,0.8016312556640822,1970,55,29550.0,69.0,29619.0,2961.9,2.488888888888889,-196.19
baseline_cnn,report,test,0.3,10000,9917,83,0.9917,0.0083,0.802460421498437,1959,66,29385.0,83.0,29468.0,2946.8,2.986008230452675,-194.68
baseline_cnn,report,test,0.31,10000,9898,102,0.9898,0.0102,0.8033946251768034,1946,79,29190.0,102.0,29292.0,2929.2,3.565432098765432,-192.92000000000002
baseline_cnn,report,test,0.32,10000,9871,129,0.9871,0.0129,0.8048829905784621,1926,99,28890.0,129.0,29019.0,2901.9,4.4641975308641975,-190.19
baseline_cnn,report,test,0.33,10000,9836,164,0.9836,0.0164,0.8068320455469703,1900,125,28500.0,164.0,28664.0,2866.4,5.632921810699589,-186.64000000000001
baseline_cnn,report,test,0.34,10000,9800,200,0.98,0.02,0.8087755102040817,1874,151,28110.0,200.0,28310.0,2831.0,6.79835390946502,-183.1
baseline_cnn,report,test,0.35,10000,9760,240,0.976,0.024,0.8112704918032787,1842,183,27630.0,240.0,27870.0,2787.0,8.246913580246913,-178.7
baseline_cnn,report,test,0.36,10000,9723,277,0.9723,0.0277,0.812506428057184,1823,202,27345.0,277.0,27622.0,2762.2,9.063374485596707,-176.22
baseline_cnn,report,test,0.37,10000,9688,312,0.9688,0.0312,0.8138934764657308,1803,222,27045.0,312.0,27357.0,2735.7,9.935802469135803,-173.57
baseline_cnn,report,test,0.38,10000,9645,355,0.9645,0.0355,0.8161741835147744,1773,252,26595.0,355.0,26950.0,2695.0,11.275720164609053,-169.5
baseline_cnn,report,test,0.39,10000,9607,393,0.9607,0.0393,0.8179452482564796,1749,276,26235.0,393.0,26628.0,2662.7999999999997,12.335802469135801,-166.28
baseline_cnn,report,test,0.4,10000,9554,446,0.9554,0.0446,0.8208080385178983,1712,313,25680.0,446.0,26126.0,2612.6,13.988477366255145,-161.26
baseline_cnn,report,test,0.41,10000,9501,499,0.9501,0.0499,0.8231765077360278,1680,345,25200.0,499.0,25699.0,2569.9,15.394238683127574,-156.99
baseline_cnn,report,test,0.42,10000,9451,549,0.9451,0.0549,0.8248862554227065,1655,370,24825.0,549.0,25374.0,2537.4,16.464197530864197,-153.74
baseline_cnn,report,test,0.43,10000,9382,618,0.9382,0.0618,0.8267959923257301,1625,400,24375.0,618.0,24993.0,2499.2999999999997,17.71851851851852,-149.93
baseline_cnn,report,test,0.44,10000,9336,664,0.9336,0.0664,0.8287275064267352,1599,426,23985.0,664.0,24649.0,2464.9,18.851028806584363,-146.49
baseline_cnn,report,test,0.45,10000,9270,730,0.927,0.073,0.8314994606256743,1562,463,23430.0,730.0,24160.0,2416.0,20.46090534979424,-141.6
baseline_cnn,report,test,0.46,10000,9192,808,0.9192,0.0808,0.8345300261096605,1521,504,22815.0,808.0,23623.0,2362.2999999999997,22.22880658436214,-136.23000000000002
baseline_cnn,report,test,0.47,10000,9126,874,0.9126,0.0874,0.8376068376068376,1482,543,22230.0,874.0,23104.0,2310.4,23.93744855967078,-131.04
baseline_cnn,report,test,0.48,10000,9049,951,0.9049,0.0951,0.8399823184882308,1448,577,21720.0,951.0,22671.0,2267.1,25.362962962962964,-126.71
baseline_cnn,report,test,0.49,10000,8979,1021,0.8979,0.1021,0.8424100679362958,1415,610,21225.0,1021.0,22246.0,2224.6,26.76213991769547,-122.46
baseline_cnn,report,test,0.5,10000,8885,1115,0.8885,0.1115,0.8463702870005627,1365,660,20475.0,1115.0,21590.0,2159.0,28.92181069958848,-115.9
baseline_cnn,report,test,0.51,10000,8789,1211,0.8789,0.1211,0.8495847081579246,1322,703,19830.0,1211.0,21041.0,2104.1,30.729218106995887,-110.41000000000001
baseline_cnn,report,test,0.52,10000,8691,1309,0.8691,0.1309,0.8531814520768611,1276,749,19140.0,1309.0,20449.0,2044.9,32.678189300411525,-104.49
baseline_cnn,report,test,0.53,10000,8594,1406,0.8594,0.1406,0.8562950895973935,1235,790,18525.0,1406.0,19931.0,1993.1000000000001,34.3835390946502,-99.31
baseline_cnn,report,test,0.54,10000,8515,1485,0.8515,0.1485,0.8597768643570171,1194,831,17910.0,1485.0,19395.0,1939.5,36.148148148148145,-93.95
baseline_cnn,report,test,0.55,10000,8417,1583,0.8417,0.1583,0.8634905548295116,1149,876,17235.0,1583.0,18818.0,1881.8,38.0477366255144,-88.18
baseline_cnn,report,test,0.56,10000,8329,1671,0.8329,0.1671,0.8669708248289111,1108,917,16620.0,1671.0,18291.0,1829.1,39.782716049382714,-82.91
baseline_cnn,report,test,0.57,10000,8246,1754,0.8246,0.1754,0.8707252000970167,1066,959,15990.0,1754.0,17744.0,1774.4,41.583539094650206,-77.44
baseline_cnn,report,test,0.58,10000,8147,1853,0.8147,0.1853,0.8746777955075488,1021,1004,15315.0,1853.0,17168.0,1716.8000000000002,43.479835390946505,-71.67999999999999
baseline_cnn,report,test,0.59,10000,8060,1940,0.806,0.194,0.8776674937965261,986,1039,14790.0,1940.0,16730.0,1673.0,44.92181069958848,-67.30000000000001
baseline_cnn,report,test,0.6,10000,7973,2027,0.7973,0.2027,0.8810987081399724,948,1077,14220.0,2027.0,16247.0,1624.7,46.5119341563786,-62.470000000000006
baseline_cnn,report,test,0.61,10000,7865,2135,0.7865,0.2135,0.8858232676414495,898,1127,13470.0,2135.0,15605.0,1560.5,48.62551440329218,-56.05
baseline_cnn,report,test,0.62,10000,7779,2221,0.7779,0.2221,0.8891888417534387,862,1163,12930.0,2221.0,15151.0,1515.1,50.1201646090535,-51.51
baseline_cnn,report,test,0.63,10000,7677,2323,0.7677,0.2323,0.8929269245799141,822,1203,12330.0,2323.0,14653.0,1465.3,51.75967078189301,-46.53
baseline_cnn,report,test,0.64,10000,7597,2403,0.7597,0.2403,0.8957483217059365,792,1233,11880.0,2403.0,14283.0,1428.3,52.97777777777778,-42.83
baseline_cnn,report,test,0.65,10000,7510,2490,0.751,0.249,0.8989347536617843,759,1266,11385.0,2490.0,13875.0,1387.5,54.32098765432099,-38.75
baseline_cnn,report,test,0.66,10000,7405,2595,0.7405,0.2595,0.9027683997299122,720,1305,10800.0,2595.0,13395.0,1339.5,55.901234567901234,-33.95
baseline_cnn,report,test,0.67,10000,7299,2701,0.7299,0.2701,0.9054665022605837,690,1335,10350.0,2701.0,13051.0,1305.1,57.033744855967086,-30.509999999999998
baseline_cnn,report,test,0.68,10000,7233,2767,0.7233,0.2767,0.907645513618139,668,1357,10020.0,2767.0,12787.0,1278.7,57.90288065843622,-27.87
baseline_cnn,report,test,0.69,10000,7144,2856,0.7144,0.2856,0.9112541993281075,634,1391,9510.0,2856.0,12366.0,1236.6,59.28888888888889,-23.66
baseline_cnn,report,test,0.7,10000,7066,2934,0.7066,0.2934,0.913812623832437,609,1416,9135.0,2934.0,12069.0,1206.9,60.266666666666666,-20.69
baseline_cnn,report,test,0.71,10000,6978,3022,0.6978,0.3022,0.9163083978217255,584,1441,8760.0,3022.0,11782.0,1178.1999999999998,61.21152263374485,-17.82
baseline_cnn,report,test,0.72,10000,6887,3113,0.6887,0.3113,0.9191229853346885,557,1468,8355.0,3113.0,11468.0,1146.8,62.24526748971193,-14.680000000000001
baseline_cnn,report,test,0.73,10000,6801,3199,0.6801,0.3199,0.9220702837817968,530,1495,7950.0,3199.0,11149.0,1114.9,63.29547325102881,-11.49
baseline_cnn,report,test,0.74,10000,6702,3298,0.6702,0.3298,0.925096985974336,502,1523,7530.0,3298.0,10828.0,1082.8,64.3522633744856,-8.28
baseline_cnn,report,test,0.75,10000,6610,3390,0.661,0.339,0.9275340393343419,479,1546,7185.0,3390.0,10575.0,1057.5,65.18518518518519,-5.75
baseline_cnn,report,test,0.76,10000,6520,3480,0.652,0.348,0.9308282208588957,451,1574,6765.0,3480.0,10245.0,1024.5,66.2716049382716,-2.45
baseline_cnn,report,test,0.77,10000,6425,3575,0.6425,0.3575,0.933852140077821,425,1600,6375.0,3575.0,9950.0,995.0,67.24279835390946,0.5
baseline_cnn,report,test,0.78,10000,6336,3664,0.6336,0.3664,0.9359217171717171,406,1619,6090.0,3664.0,9754.0,975.4000000000001,67.8880658436214,2.46
baseline_cnn,report,test,0.79,10000,6243,3757,0.6243,0.3757,0.9375300336376742,390,1635,5850.0,3757.0,9607.0,960.7,68.37201646090534,3.93
baseline_cnn,report,test,0.8,10000,6134,3866,0.6134,0.3866,0.9408216498206716,363,1662,5445.0,3866.0,9311.0,931.1,69.34650205761316,6.890000000000001
baseline_cnn,report,test,0.81,10000,6019,3981,0.6019,0.3981,0.9440106329955142,337,1688,5055.0,3981.0,9036.0,903.5999999999999,70.25185185185185,9.64
baseline_cnn,report,test,0.82,10000,5915,4085,0.5915,0.4085,0.9462383770076078,318,1707,4770.0,4085.0,8855.0,885.5,70.8477366255144,11.450000000000001
baseline_cnn,report,test,0.83,10000,5786,4214,0.5786,0.4214,0.9486692015209125,297,1728,4455.0,4214.0,8669.0,866.9,71.46008230452675,13.309999999999999
baseline_cnn,report,test,0.84,10000,5671,4329,0.5671,0.4329,0.9525656850643626,269,1756,4035.0,4329.0,8364.0,836.4,72.4641975308642,16.36
baseline_cnn,report,test,0.85,10000,5550,4450,0.555,0.445,0.9554954954954955,247,1778,3705.0,4450.0,8155.0,815.5,73.1522633744856,18.45
baseline_cnn,report,test,0.86,10000,5421,4579,0.5421,0.4579,0.9590481460985059,222,1803,3330.0,4579.0,7909.0,790.9000000000001,73.96213991769547,20.91
baseline_cnn,report,test,0.87,10000,5283,4717,0.5283,0.4717,0.9619534355479841,201,1824,3015.0,4717.0,7732.0,773.2,74.54485596707819,22.68
baseline_cnn,report,test,0.88,10000,5143,4857,0.5143,0.4857,0.9650009721952167,180,1845,2700.0,4857.0,7557.0,755.7,75.120987654321,24.43
baseline_cnn,report,test,0.89,10000,5003,4997,0.5003,0.4997,0.9676194283429942,162,1863,2430.0,4997.0,7427.0,742.7,75.54897119341564,25.729999999999997
baseline_cnn,report,test,0.9,10000,4837,5163,0.4837,0.5163,0.9712631796568121,139,1886,2085.0,5163.0,7248.0,724.8,76.13827160493827,27.52
baseline_cnn,report,test,0.91,10000,4661,5339,0.4661,0.5339,0.9744689980690839,119,1906,1785.0,5339.0,7124.0,712.4,76.54650205761317,28.76
baseline_cnn,report,test,0.92,10000,4505,5495,0.4505,0.5495,0.97669256381798,105,1920,1575.0,5495.0,7070.0,707.0,76.72427983539094,29.299999999999997
baseline_cnn,report,test,0.93,10000,4307,5693,0.4307,0.5693,0.9791037845368006,90,1935,1350.0,5693.0,7043.0,704.3000000000001,76.81316872427983,29.57
baseline_cnn,report,test,0.94,10000,4127,5873,0.4127,0.5873,0.9808577659316695,79,1946,1185.0,5873.0,7058.0,705.8,76.76378600823045,29.42
baseline_cnn,report,test,0.95,10000,3876,6124,0.3876,0.6124,0.9847781217750258,59,1966,885.0,6124.0,7009.0,700.9,76.92510288065844,29.909999999999997
baseline_cnn,report,test,0.96,10000,3619,6381,0.3619,0.6381,0.9853550704614534,53,1972,795.0,6381.0,7176.0,717.6,76.37530864197531,28.24
baseline_cnn,report,test,0.97,10000,3283,6717,0.3283,0.6717,0.9899482180932074,33,1992,495.0,6717.0,7212.0,721.1999999999999,76.25679012345678,27.88
baseline_cnn,report,test,0.98,10000,2865,7135,0.2865,0.7135,0.9919720767888307,23,2002,345.0,7135.0,7480.0,748.0,75.37448559670781,25.2
baseline_cnn,report,test,0.99,10000,2238,7762,0.2238,0.7762,0.9964253798033958,8,2017,120.0,7762.0,7882.0,788.2,74.05102880658436,21.18
resnet18,tuning,validation,0.0,5000,5000,0,1.0,0.0,0.9092,454,0,6810.0,0.0,6810.0,1362.0,0.0,-36.199999999999996
resnet18,tuning,validation,0.01,5000,5000,0,1.0,0.0,0.9092,454,0,6810.0,0.0,6810.0,1362.0,0.0,-36.199999999999996
resnet18,tuning,validation,0.02,5000,5000,0,1.0,0.0,0.9092,454,0,6810.0,0.0,6810.0,1362.0,0.0,-36.199999999999996
resnet18,tuning,validation,0.03,5000,5000,0,1.0,0.0,0.9092,454,0,6810.0,0.0,6810.0,1362.0,0.0,-36.199999999999996
resnet18,tuning,validation,0.04,5000,5000,0,1.0,0.0,0.9092,454,0,6810.0,0.0,6810.0,1362.0,0.0,-36.199999999999996
resnet18,tuning,validation,0.05,5000,5000,0,1.0,0.0,0.9092,454,0,6810.0,0.0,6810.0,1362.0,0.0,-36.199999999999996
resnet18,tuning,validation,0.06,5000,5000,0,1.0,0.0,0.9092,454,0,6810.0,0.0,6810.0,1362.0,0.0,-36.199999999999996
resnet18,tuning,validation,0.07,5000,5000,0,1.0,0.0,0.9092,454,0,6810.0,0.0,6810.0,1362.0,0.0,-36.199999999999996
resnet18,tuning,validation,0.08,5000,5000,0,1.0,0.0,0.9092,454,0,6810.0,0.0,6810.0,1362.0,0.0,-36.199999999999996
resnet18,tuning,validation,0.09,5000,5000,0,1.0,0.0,0.9092,454,0,6810.0,0.0,6810.0,1362.0,0.0,-36.199999999999996
resnet18,tuning,validation,0.1,5000,5000,0,1.0,0.0,0.9092,454,0,6810.0,0.0,6810.0,1362.0,0.0,-36.199999999999996
resnet18,tuning,validation,0.11,5000,5000,0,1.0,0.0,0.9092,454,0,6810.0,0.0,6810.0,1362.0,0.0,-36.199999999999996
resnet18,tuning,validation,0.12,5000,5000,0,1.0,0.0,0.9092,454,0,6810.0,0.0,6810.0,1362.0,0.0,-36.199999999999996
resnet18,tuning,validation,0.13,5000,5000,0,1.0,0.0,0.9092,454,0,6810.0,0.0,6810.0,1362.0,0.0,-36.199999999999996
resnet18,tuning,validation,0.14,5000,5000,0,1.0,0.0,0.9092,454,0,6810.0,0.0,6810.0,1362.0,0.0,-36.199999999999996
resnet18,tuning,validation,0.15,5000,5000,0,1.0,0.0,0.9092,454,0,6810.0,0.0,6810.0,1362.0,0.0,-36.199999999999996
resnet18,tuning,validation,0.16,5000,5000,0,1.0,0.0,0.9092,454,0,6810.0,0.0,6810.0,1362.0,0.0,-36.199999999999996
resnet18,tuning,validation,0.17,5000,5000,0,1.0,0.0,0.9092,454,0,6810.0,0.0,6810.0,1362.0,0.0,-36.199999999999996
resnet18,tuning,validation,0.18,5000,5000,0,1.0,0.0,0.9092,454,0,6810.0,0.0,6810.0,1362.0,0.0,-36.199999999999996
resnet18,tuning,validation,0.19,5000,5000,0,1.0,0.0,0.9092,454,0,6810.0,0.0,6810.0,1362.0,0.0,-36.199999999999996
resnet18,tuning,validation,0.2,5000,5000,0,1.0,0.0,0.9092,454,0,6810.0,0.0,6810.0,1362.0,0.0,-36.199999999999996
resnet18,tuning,validation,0.21,5000,5000,0,1.0,0.0,0.9092,454,0,6810.0,0.0,6810.0,1362.0,0.0,-36.199999999999996
resnet18,tuning,validation,0.22,5000,5000,0,1.0,0.0,0.9092,454,0,6810.0,0.0,6810.0,1362.0,0.0,-36.199999999999996
resnet18,tuning,validation,0.23,5000,5000,0,1.0,0.0,0.9092,454,0,6810.0,0.0,6810.0,1362.0,0.0,-36.199999999999996
resnet18,tuning,validation,0.24,5000,5000,0,1.0,0.0,0.9092,454,0,6810.0,0.0,6810.0,1362.0,0.0,-36.199999999999996
resnet18,tuning,validation,0.25,5000,4999,1,0.9998,0.0002,0.909381876375275,453,1,6795.0,1.0,6796.0,1359.2,0.2055800293685756,-35.92
resnet18,tuning,validation,0.26,5000,4999,1,0.9998,0.0002,0.909381876375275,453,1,6795.0,1.0,6796.0,1359.2,0.2055800293685756,-35.92
resnet18,tuning,validation,0.27,5000,4999,1,0.9998,0.0002,0.909381876375275,453,1,6795.0,1.0,6796.0,1359.2,0.2055800293685756,-35.92
resnet18,tuning,validation,0.28,5000,4998,2,0.9996,0.0004,0.9093637454981993,453,1,6795.0,2.0,6797.0,1359.3999999999999,0.19089574155653452,-35.94
resnet18,tuning,validation,0.29,5000,4998,2,0.9996,0.0004,0.9093637454981993,453,1,6795.0,2.0,6797.0,1359.3999999999999,0.19089574155653452,-35.94
resnet18,tuning,validation,0.3,5000,4998,2,0.9996,0.0004,0.9093637454981993,453,1,6795.0,2.0,6797.0,1359.3999999999999,0.19089574155653452,-35.94
resnet18,tuning,validation,0.31,5000,4998,2,0.9996,0.0004,0.9093637454981993,453,1,6795.0,2.0,6797.0,1359.3999999999999,0.19089574155653452,-35.94
resnet18,tuning,validation,0.32,5000,4998,2,0.9996,0.0004,0.9093637454981993,453,1,6795.0,2.0,6797.0,1359.3999999999999,0.19089574155653452,-35.94
resnet18,tuning,validation,0.33,5000,4997,3,0.9994,0.0006,0.9093456073644186,453,1,6795.0,3.0,6798.0,1359.6,0.1762114537444934,-35.96
resnet18,tuning,validation,0.34,5000,4994,6,0.9988,0.0012,0.9094913896676011,452,2,6780.0,6.0,6786.0,1357.2,0.3524229074889868,-35.72
resnet18,tuning,validation,0.35,5000,4994,6,0.9988,0.0012,0.9094913896676011,452,2,6780.0,6.0,6786.0,1357.2,0.3524229074889868,-35.72
resnet18,tuning,validation,0.36,5000,4994,6,0.9988,0.0012,0.9094913896676011,452,2,6780.0,6.0,6786.0,1357.2,0.3524229074889868,-35.72
resnet18,tuning,validation,0.37,5000,4994,6,0.9988,0.0012,0.9094913896676011,452,2,6780.0,6.0,6786.0,1357.2,0.3524229074889868,-35.72
resnet18,tuning,validation,0.38,5000,4987,13,0.9974,0.0026,0.9105674754361339,446,8,6690.0,13.0,6703.0,1340.6,1.5712187958883996,-34.06
resnet18,tuning,validation,0.39,5000,4984,16,0.9968,0.0032,0.9109149277688604,444,10,6660.0,16.0,6676.0,1335.2,1.9676945668135097,-33.52
resnet18,tuning,validation,0.4,5000,4979,21,0.9958,0.0042,0.9118296846756376,439,15,6585.0,21.0,6606.0,1321.1999999999998,2.9955947136563874,-32.12
resnet18,tuning,validation,0.41,5000,4974,26,0.9948,0.0052,0.9125452352231604,435,19,6525.0,26.0,6551.0,1310.2,3.803230543318649,-31.019999999999996
resnet18,tuning,validation,0.42,5000,4969,31,0.9938,0.0062,0.9130609780639968,432,22,6480.0,31.0,6511.0,1302.2,4.390602055800294,-30.220000000000002
resnet18,tuning,validation,0.43,5000,4967,33,0.9934,0.0066,0.9134286289510771,430,24,6450.0,33.0,6483.0,1296.6,4.801762114537445,-29.659999999999997
resnet18,tuning,validation,0.44,5000,4960,40,0.992,0.008,0.9143145161290323,425,29,6375.0,40.0,6415.0,1283.0,5.800293685756241,-28.299999999999997
resnet18,tuning,validation,0.45,5000,4951,49,0.9902,0.0098,0.9151686527974147,420,34,6300.0,49.0,6349.0,1269.8,6.769456681350955,-26.979999999999997
resnet18,tuning,validation,0.46,5000,4945,55,0.989,0.011,0.9154701718907988,418,36,6270.0,55.0,6325.0,1265.0,7.121879588839941,-26.5
resnet18,tuning,validation,0.47,5000,4937,63,0.9874,0.0126,0.9167510633988252,411,43,6165.0,63.0,6228.0,1245.6000000000001,8.54625550660793,-24.560000000000002
resnet18,tuning,validation,0.48,5000,4928,72,0.9856,0.0144,0.9182224025974026,403,51,6045.0,72.0,6117.0,1223.4,10.176211453744493,-22.34
resnet18,tuning,validation,0.49,5000,4920,80,0.984,0.016,0.9182926829268293,402,52,6030.0,80.0,6110.0,1222.0,10.279001468428781,-22.2
resnet18,tuning,validation,0.5,5000,4909,91,0.9818,0.0182,0.919942961906702,393,61,5895.0,91.0,5986.0,1197.2,12.09985315712188,-19.72
resnet18,tuning,validation,0.51,5000,4892,108,0.9784,0.0216,0.9217089125102208,383,71,5745.0,108.0,5853.0,1170.6000000000001,14.052863436123348,-17.06
resnet18,tuning,validation,0.52,5000,4881,119,0.9762,0.0238,0.9231714812538414,375,79,5625.0,119.0,5744.0,1148.8,15.65345080763583,-14.879999999999999
resnet18,tuning,validation,0.53,5000,4866,134,0.9732,0.0268,0.9243732018084669,368,86,5520.0,134.0,5654.0,1130.8,16.97503671071953,-13.08
resnet18,tuning,validation,0.54,5000,4852,148,0.9704,0.0296,0.9260098928277,359,95,5385.0,148.0,5533.0,1106.6000000000001,18.751835535976504,-10.66
resnet18,tuning,validation,0.55,5000,4835,165,0.967,0.033,0.9276111685625646,350,104,5250.0,165.0,5415.0,1083.0,20.484581497797357,-8.3
resnet18,tuning,validation,0.56,5000,4818,182,0.9636,0.0364,0.9292237442922374,341,113,5115.0,182.0,5297.0,1059.3999999999999,22.217327459618208,-5.94
resnet18,tuning,validation,0.57,5000,4796,204,0.9592,0.0408,0.9307756463719766,332,122,4980.0,204.0,5184.0,1036.8,23.876651982378856,-3.6799999999999997
resnet18,tuning,validation,0.58,5000,4780,220,0.956,0.044,0.9326359832635983,322,132,4830.0,220.0,5050.0,1010.0,25.844346549192366,-1.0
resnet18,tuning,validation,0.59,5000,4768,232,0.9536,0.0464,0.9343540268456376,313,141,4695.0,232.0,4927.0,985.4000000000001,27.650513950073417,1.46
resnet18,tuning,validation,0.6,5000,4748,252,0.9496,0.0504,0.93681550126369,300,154,4500.0,252.0,4752.0,950.4,30.220264317180618,4.96
resnet18,tuning,validation,0.61,5000,4734,266,0.9468,0.0532,0.9381073088297422,293,161,4395.0,266.0,4661.0,932.2,31.556534508076357,6.78
resnet18,tuning,validation,0.62,5000,4713,287,0.9426,0.0574,0.9399533206025886,283,171,4245.0,287.0,4532.0,906.4,33.45080763582966,9.36
resnet18,tuning,validation,0.63,5000,4695,305,0.939,0.061,0.9410010649627263,277,177,4155.0,305.0,4460.0,892.0,34.50807635829663,10.8
resnet18,tuning,validation,0.64,5000,4675,325,0.935,0.065,0.9437433155080214,263,191,3945.0,325.0,4270.0,854.0,37.29809104258444,14.6
resnet18,tuning,validation,0.65,5000,4662,338,0.9324,0.0676,0.9444444444444444,259,195,3885.0,338.0,4223.0,844.6,37.98825256975037,15.540000000000001
resnet18,tuning,validation,0.66,5000,4645,355,0.929,0.071,0.9453175457481162,254,200,3810.0,355.0,4165.0,833.0,38.839941262848754,16.7
resnet18,tuning,validation,0.67,5000,4633,367,0.9266,0.0734,0.9462551262680768,249,205,3735.0,367.0,4102.0,820.4,39.76505139500735,17.96
resnet18,tuning,validation,0.68,5000,4615,385,0.923,0.077,0.9482123510292524,239,215,3585.0,385.0,3970.0,794.0,41.70337738619677,20.599999999999998
resnet18,tuning,validation,0.69,5000,4605,395,0.921,0.079,0.9485342019543974,237,217,3555.0,395.0,3950.0,790.0,41.99706314243759,21.0
resnet18,tuning,validation,0.7,5000,4589,411,0.9178,0.0822,0.9492264109827849,233,221,3495.0,411.0,3906.0,781.2,42.6431718061674,21.88
resnet18,tuning,validation,0.71,5000,4573,427,0.9146,0.0854,0.9507981631314236,225,229,3375.0,427.0,3802.0,760.4,44.17033773861967,23.96
resnet18,tuning,validation,0.72,5000,4552,448,0.9104,0.0896,0.9521089630931459,218,236,3270.0,448.0,3718.0,743.6,45.40381791483113,25.64
resnet18,tuning,validation,0.73,5000,4529,471,0.9058,0.0942,0.9529697504967984,213,241,3195.0,471.0,3666.0,733.1999999999999,46.16740088105727,26.68
resnet18,tuning,validation,0.74,5000,4503,497,0.9006,0.0994,0.9546968687541639,204,250,3060.0,497.0,3557.0,711.4,47.76798825256975,28.860000000000003
resnet18,tuning,validation,0.75,5000,4491,509,0.8982,0.1018,0.9556891560899577,199,255,2985.0,509.0,3494.0,698.8,48.69309838472834,30.12
resnet18,tuning,validation,0.76,5000,4480,520,0.896,0.104,0.9569196428571428,193,261,2895.0,520.0,3415.0,683.0,49.85315712187959,31.7
resnet18,tuning,validation,0.77,5000,4460,540,0.892,0.108,0.9580717488789238,187,267,2805.0,540.0,3345.0,669.0,50.881057268722465,33.1
resnet18,tuning,validation,0.78,5000,4450,550,0.89,0.11,0.958876404494382,183,271,2745.0,550.0,3295.0,659.0,51.61527165932453,34.1
resnet18,tuning,validation,0.79,5000,4433,567,0.8866,0.1134,0.959395443266411,180,274,2700.0,567.0,3267.0,653.4,52.02643171806167,34.660000000000004
resnet18,tuning,validation,0.8,5000,4418,582,0.8836,0.1164,0.9599366229062924,177,277,2655.0,582.0,3237.0,647.4,52.46696035242291,35.260000000000005
resnet18,tuning,validation,0.81,5000,4399,601,0.8798,0.1202,0.9613548533757672,170,284,2550.0,601.0,3151.0,630.1999999999999,53.72980910425844,36.980000000000004
resnet18,tuning,validation,0.82,5000,4376,624,0.8752,0.1248,0.9622943327239488,165,289,2475.0,624.0,3099.0,619.8000000000001,54.49339207048458,38.019999999999996
resnet18,tuning,validation,0.83,5000,4359,641,0.8718,0.1282,0.9632943335627437,160,294,2400.0,641.0,3041.0,608.1999999999999,55.34508076358296,39.18
resnet18,tuning,validation,0.84,5000,4332,668,0.8664,0.1336,0.9646814404432132,153,301,2295.0,668.0,2963.0,592.6,56.49045521292217,40.739999999999995
resnet18,tuning,validation,0.85,5000,4313,687,0.8626,0.1374,0.9659169951309993,147,307,2205.0,687.0,2892.0,578.4,57.53303964757709,42.16
resnet18,tuning,validation,0.86,5000,4287,713,0.8574,0.1426,0.967343130394215,140,314,2100.0,713.0,2813.0,562.6,58.69309838472834,43.74
resnet18,tuning,validation,0.87,5000,4261,739,0.8522,0.1478,0.9687866697958226,133,321,1995.0,739.0,2734.0,546.8,59.85315712187958,45.32
resnet18,tuning,validation,0.88,5000,4231,769,0.8462,0.1538,0.9704561569368944,125,329,1875.0,769.0,2644.0,528.8000000000001,61.174743024963284,47.12
resnet18,tuning,validation,0.89,5000,4202,798,0.8404,0.1596,0.97144217039505,120,334,1800.0,798.0,2598.0,519.5999999999999,61.85022026431718,48.04
resnet18,tuning,validation,0.9,5000,4175,825,0.835,0.165,0.9719760479041916,117,337,1755.0,825.0,2580.0,516.0,62.11453744493392,48.4
resnet18,tuning,validation,0.91,5000,4132,868,0.8264,0.1736,0.973378509196515,110,344,1650.0,868.0,2518.0,503.6,63.024963289280464,49.64
resnet18,tuning,validation,0.92,5000,4083,917,0.8166,0.1834,0.9757531227038942,99,355,1485.0,917.0,2402.0,480.4,64.72834067547724,51.959999999999994
resnet18,tuning,validation,0.93,5000,4042,958,0.8084,0.1916,0.9772389905987136,92,362,1380.0,958.0,2338.0,467.6,65.66813509544787,53.239999999999995
resnet18,tuning,validation,0.94,5000,4001,999,0.8002,0.1998,0.9785053736565859,86,368,1290.0,999.0,2289.0,457.8,66.38766519823788,54.22
resnet18,tuning,validation,0.95,5000,3937,1063,0.7874,0.2126,0.9799339598679198,79,375,1185.0,1063.0,2248.0,449.6,66.98972099853158,55.04
resnet18,tuning,validation,0.96,5000,3858,1142,0.7716,0.2284,0.9828926905132193,66,388,990.0,1142.0,2132.0,426.4,68.69309838472834,57.36
resnet18,tuning,validation,0.97,5000,3750,1250,0.75,0.25,0.9856,54,400,810.0,1250.0,2060.0,412.0,69.7503671071953,58.8
resnet18,tuning,validation,0.98,5000,3647,1353,0.7294,0.2706,0.9890320811625994,40,414,600.0,1353.0,1953.0,390.6,71.3215859030837,60.940000000000005
resnet18,tuning,validation,0.99,5000,3423,1577,0.6846,0.3154,0.9918200408997955,28,426,420.0,1577.0,1997.0,399.4,70.6754772393539,60.06
resnet18,report,test,0.0,10000,10000,0,1.0,0.0,0.9041,959,0,14385.0,0.0,14385.0,1438.5,0.0,-43.85
resnet18,report,test,0.01,10000,10000,0,1.0,0.0,0.9041,959,0,14385.0,0.0,14385.0,1438.5,0.0,-43.85
resnet18,report,test,0.02,10000,10000,0,1.0,0.0,0.9041,959,0,14385.0,0.0,14385.0,1438.5,0.0,-43.85
resnet18,report,test,0.03,10000,10000,0,1.0,0.0,0.9041,959,0,14385.0,0.0,14385.0,1438.5,0.0,-43.85
resnet18,report,test,0.04,10000,10000,0,1.0,0.0,0.9041,959,0,14385.0,0.0,14385.0,1438.5,0.0,-43.85
resnet18,report,test,0.05,10000,10000,0,1.0,0.0,0.9041,959,0,14385.0,0.0,14385.0,1438.5,0.0,-43.85
resnet18,report,test,0.06,10000,10000,0,1.0,0.0,0.9041,959,0,14385.0,0.0,14385.0,1438.5,0.0,-43.85
resnet18,report,test,0.07,10000,10000,0,1.0,0.0,0.9041,959,0,14385.0,0.0,14385.0,1438.5,0.0,-43.85
resnet18,report,test,0.08,10000,10000,0,1.0,0.0,0.9041,959,0,14385.0,0.0,14385.0,1438.5,0.0,-43.85
resnet18,report,test,0.09,10000,10000,0,1.0,0.0,0.9041,959,0,14385.0,0.0,14385.0,1438.5,0.0,-43.85
resnet18,report,test,0.1,10000,10000,0,1.0,0.0,0.9041,959,0,14385.0,0.0,14385.0,1438.5,0.0,-43.85
resnet18,report,test,0.11,10000,10000,0,1.0,0.0,0.9041,959,0,14385.0,0.0,14385.0,1438.5,0.0,-43.85
resnet18,report,test,0.12,10000,10000,0,1.0,0.0,0.9041,959,0,14385.0,0.0,14385.0,1438.5,0.0,-43.85
resnet18,report,test,0.13,10000,10000,0,1.0,0.0,0.9041,959,0,14385.0,0.0,14385.0,1438.5,0.0,-43.85
resnet18,report,test,0.14,10000,10000,0,1.0,0.0,0.9041,959,0,14385.0,0.0,14385.0,1438.5,0.0,-43.85
resnet18,report,test,0.15,10000,10000,0,1.0,0.0,0.9041,959,0,14385.0,0.0,14385.0,1438.5,0.0,-43.85
resnet18,report,test,0.16,10000,10000,0,1.0,0.0,0.9041,959,0,14385.0,0.0,14385.0,1438.5,0.0,-43.85
resnet18,report,test,0.17,10000,10000,0,1.0,0.0,0.9041,959,0,14385.0,0.0,14385.0,1438.5,0.0,-43.85
resnet18,report,test,0.18,10000,10000,0,1.0,0.0,0.9041,959,0,14385.0,0.0,14385.0,1438.5,0.0,-43.85
resnet18,report,test,0.19,10000,10000,0,1.0,0.0,0.9041,959,0,14385.0,0.0,14385.0,1438.5,0.0,-43.85
resnet18,report,test,0.2,10000,10000,0,1.0,0.0,0.9041,959,0,14385.0,0.0,14385.0,1438.5,0.0,-43.85
resnet18,report,test,0.21,10000,10000,0,1.0,0.0,0.9041,959,0,14385.0,0.0,14385.0,1438.5,0.0,-43.85
resnet18,report,test,0.22,10000,10000,0,1.0,0.0,0.9041,959,0,14385.0,0.0,14385.0,1438.5,0.0,-43.85
resnet18,report,test,0.23,10000,10000,0,1.0,0.0,0.9041,959,0,14385.0,0.0,14385.0,1438.5,0.0,-43.85
resnet18,report,test,0.24,10000,10000,0,1.0,0.0,0.9041,959,0,14385.0,0.0,14385.0,1438.5,0.0,-43.85
resnet18,report,test,0.25,10000,9999,1,0.9999,0.0001,0.9041904190419042,958,1,14370.0,1.0,14371.0,1437.1000000000001,0.09732360097323602,-43.71
resnet18,report,test,0.26,10000,9999,1,0.9999,0.0001,0.9041904190419042,958,1,14370.0,1.0,14371.0,1437.1000000000001,0.09732360097323602,-43.71
resnet18,report,test,0.27,10000,9997,3,0.9997,0.0003,0.9042712813844154,957,2,14355.0,3.0,14358.0,1435.8,0.18769551616266944,-43.580000000000005
resnet18,report,test,0.28,10000,9997,3,0.9997,0.0003,0.9042712813844154,957,2,14355.0,3.0,14358.0,1435.8,0.18769551616266944,-43.580000000000005
resnet18,report,test,0.29,10000,9996,4,0.9996,0.0004,0.9043617446978791,956,3,14340.0,4.0,14344.0,1434.3999999999999,0.2850191171359055,-43.44
resnet18,report,test,0.3,10000,9995,5,0.9995,0.0005,0.9044522261130565,955,4,14325.0,5.0,14330.0,1433.0,0.3823427181091415,-43.3
resnet18,report,test,0.31,10000,9992,8,0.9992,0.0008,0.9046236989591674,953,6,14295.0,8.0,14303.0,1430.3,0.570038234271811,-43.03
resnet18,report,test,0.32,10000,9992,8,0.9992,0.0008,0.9046236989591674,953,6,14295.0,8.0,14303.0,1430.3,0.570038234271811,-43.03
resnet18,report,test,0.33,10000,9991,9,0.9991,0.0009,0.9047142428185366,952,7,14280.0,9.0,14289.0,1428.9,0.6673618352450469,-42.89
resnet18,report,test,0.34,10000,9989,11,0.9989,0.0011,0.9048953849234157,950,9,14250.0,11.0,14261.0,1426.1,0.862009037191519,-42.61
resnet18,report,test,0.35,10000,9985,15,0.9985,0.0015,0.9051577366049074,947,12,14205.0,15.0,14220.0,1422.0,1.1470281543274243,-42.199999999999996
resnet18,report,test,0.36,10000,9982,18,0.9982,0.0018,0.905229412943298,946,13,14190.0,18.0,14208.0,1420.8,1.230448383733055,-42.08
resnet18,report,test,0.37,10000,9977,23,0.9977,0.0023,0.9053823794727874,944,15,14160.0,23.0,14183.0,1418.3,1.4042405283281196,-41.83
resnet18,report,test,0.38,10000,9971,29,0.9971,0.0029,0.9056263163173203,941,18,14115.0,29.0,14144.0,1414.4,1.6753562738964198,-41.44
resnet18,report,test,0.39,10000,9963,37,0.9963,0.0037,0.9063535079795242,933,26,13995.0,37.0,14032.0,1403.2,2.453945081682308,-40.32
resnet18,report,test,0.4,10000,9953,47,0.9953,0.0047,0.906962724806591,926,33,13890.0,47.0,13937.0,1393.7,3.1143552311435525,-39.37
resnet18,report,test,0.41,10000,9945,55,0.9945,0.0055,0.9073906485671192,921,38,13815.0,55.0,13870.0,1387.0,3.5801181786583243,-38.7
resnet18,report,test,0.42,10000,9940,60,0.994,0.006,0.9076458752515091,918,41,13770.0,60.0,13830.0,1383.0,3.8581856100104277,-38.3
resnet18,report,test,0.43,10000,9933,67,0.9933,0.0067,0.9079834893788382,914,45,13710.0,67.0,13777.0,1377.6999999999998,4.226624956551964,-37.769999999999996
resnet18,report,test,0.44,10000,9925,75,0.9925,0.0075,0.9083123425692695,910,49,13650.0,75.0,13725.0,1372.5,4.588112617309697,-37.25
resnet18,report,test,0.45,10000,9912,88,0.9912,0.0088,0.9086965294592413,905,54,13575.0,88.0,13663.0,1366.3000000000002,5.019117135905457,-36.63
resnet18,report,test,0.46,10000,9898,102,0.9898,0.0102,0.9094766619519095,896,63,13440.0,102.0,13542.0,1354.2,5.860271115745568,-35.42
resnet18,report,test,0.47,10000,9886,114,0.9886,0.0114,0.9101760064738014,888,71,13320.0,114.0,13434.0,1343.3999999999999,6.6110531803962465,-34.339999999999996
resnet18,report,test,0.48,10000,9871,129,0.9871,0.0129,0.9110525782595482,878,81,13170.0,129.0,13299.0,1329.9,7.549530761209593,-32.99
resnet18,report,test,0.49,10000,9859,141,0.9859,0.0141,0.9118571863272137,869,90,13035.0,141.0,13176.0,1317.6000000000001,8.40458811261731,-31.759999999999998
resnet18,report,test,0.5,10000,9841,159,0.9841,0.0159,0.9127121227517528,859,100,12885.0,159.0,13044.0,1304.4,9.32221063607925,-30.44
resnet18,report,test,0.51,10000,9817,183,0.9817,0.0183,0.913517367831313,849,110,12735.0,183.0,12918.0,1291.8,10.198123044838374,-29.18
resnet18,report,test,0.52,10000,9784,216,0.9784,0.0216,0.9150654129190515,831,128,12465.0,216.0,12681.0,1268.1,11.845672575599583,-26.810000000000002
resnet18,report,test,0.53,10000,9754,246,0.9754,0.0246,0.9163420135329096,816,143,12240.0,246.0,12486.0,1248.6,13.201251303441083,-24.86
resnet18,report,test,0.54,10000,9727,273,0.9727,0.0273,0.9175490901614064,802,157,12030.0,273.0,12303.0,1230.3,14.473409801876954,-23.03
resnet18,report,test,0.55,10000,9697,303,0.9697,0.0303,0.9185315045890482,790,169,11850.0,303.0,12153.0,1215.3,15.516162669447342,-21.529999999999998
resnet18,report,test,0.56,10000,9669,331,0.9669,0.0331,0.9198469334988106,775,184,11625.0,331.0,11956.0,1195.6,16.885644768856448,-19.56
resnet18,report,test,0.57,10000,9636,364,0.9636,0.0364,0.921129099211291,760,199,11400.0,364.0,11764.0,1176.3999999999999,18.22036843934654,-17.64
resnet18,report,test,0.58,10000,9598,402,0.9598,0.0402,0.9231089810377162,738,221,11070.0,402.0,11472.0,1147.2,20.25026068821689,-14.719999999999999
resnet18,report,test,0.59,10000,9561,439,0.9561,0.0439,0.924798661227905,719,240,10785.0,439.0,11224.0,1122.4,21.97427876259993,-12.24
resnet18,report,test,0.6,10000,9533,467,0.9533,0.0467,0.9260463652575265,705,254,10575.0,467.0,11042.0,1104.2,23.239485575251997,-10.42
resnet18,report,test,0.61,10000,9499,501,0.9499,0.0501,0.9280976944941572,683,276,10245.0,501.0,10746.0,1074.6,25.29718456725756,-7.46
resnet18,report,test,0.62,10000,9469,531,0.9469,0.0531,0.9293484000422431,669,290,10035.0,531.0,10566.0,1056.6,26.548488008342026,-5.66
resnet18,report,test,0.63,10000,9441,559,0.9441,0.0559,0.930727677152844,654,305,9810.0,559.0,10369.0,1036.8999999999999,27.917970107751128,-3.6900000000000004
resnet18,report,test,0.64,10000,9416,584,0.9416,0.0584,0.9313933729821581,646,313,9690.0,584.0,10274.0,1027.4,28.57838025721237,-2.74
resnet18,report,test,0.65,10000,9387,613,0.9387,0.0613,0.9328859060402684,630,329,9450.0,613.0,10063.0,1006.3,30.045185957594718,-0.63
resnet18,report,test,0.66,10000,9360,640,0.936,0.064,0.9341880341880342,616,343,9240.0,640.0,9880.0,988.0,31.31734445603059,1.2
resnet18,report,test,0.67,10000,9330,670,0.933,0.067,0.9353697749196141,603,356,9045.0,670.0,9715.0,971.5,32.46437261035801,2.85
resnet18,report,test,0.68,10000,9300,700,0.93,0.07,0.9361290322580645,594,365,8910.0,700.0,9610.0,961.0,33.19429961765728,3.9
resnet18,report,test,0.69,10000,9267,733,0.9267,0.0733,0.93708859393547,583,376,8745.0,733.0,9478.0,947.8,34.11192214111922,5.220000000000001
resnet18,report,test,0.7,10000,9236,764,0.9236,0.0764,0.93796015591165,573,386,8595.0,764.0,9359.0,935.9,34.93917274939173,6.41
resnet18,report,test,0.71,10000,9205,795,0.9205,0.0795,0.9390548614883215,561,398,8415.0,795.0,9210.0,921.0,35.97497393117831,7.9
resnet18,report,test,0.72,10000,9170,830,0.917,0.083,0.940567066521265,545,414,8175.0,830.0,9005.0,900.5,37.40006951685784,9.950000000000001
resnet18,report,test,0.73,10000,9134,866,0.9134,0.0866,0.9420845193781476,529,430,7935.0,866.0,8801.0,880.1,38.81821341675356,11.99
resnet18,report,test,0.74,10000,9102,898,0.9102,0.0898,0.9434190287848825,515,444,7725.0,898.0,8623.0,862.3,40.05561348627042,13.77
resnet18,report,test,0.75,10000,9071,929,0.9071,0.0929,0.9443280784918973,505,454,7575.0,929.0,8504.0,850.4000000000001,40.882864094542924,14.96
resnet18,report,test,0.76,10000,9041,959,0.9041,0.0959,0.9460236699480146,488,471,7320.0,959.0,8279.0,827.9,42.44699339589851,17.21
resnet18,report,test,0.77,10000,8995,1005,0.8995,0.1005,0.9474152306837131,473,486,7095.0,1005.0,8100.0,810.0,43.691345151199165,19.0
resnet18,report,test,0.78,10000,8962,1038,0.8962,0.1038,0.9486721713903147,460,499,6900.0,1038.0,7938.0,793.8,44.81751824817518,20.62
resnet18,report,test,0.79,10000,8924,1076,0.8924,0.1076,0.9496862393545495,449,510,6735.0,1076.0,7811.0,781.1,45.70038234271811,21.89
resnet18,report,test,0.8,10000,8885,1115,0.8885,0.1115,0.9504783342712436,440,519,6600.0,1115.0,7715.0,771.5,46.367744177963154,22.85
resnet18,report,test,0.81,10000,8840,1160,0.884,0.116,0.9515837104072398,428,531,6420.0,1160.0,7580.0,758.0,47.3062217587765,24.2
resnet18,report,test,0.82,10000,8794,1206,0.8794,0.1206,0.9525813054355242,417,542,6255.0,1206.0,7461.0,746.1,48.13347236704901,25.39
resnet18,report,test,0.83,10000,8744,1256,0.8744,0.1256,0.9543687099725526,399,560,5985.0,1256.0,7241.0,724.0999999999999,49.662843239485575,27.589999999999996
resnet18,report,test,0.84,10000,8699,1301,0.8699,0.1301,0.9558569950569031,384,575,5760.0,1301.0,7061.0,706.0999999999999,50.91414668057004,29.39
resnet18,report,test,0.85,10000,8664,1336,0.8664,0.1336,0.9569482917820868,373,586,5595.0,1336.0,6931.0,693.1,51.81786583246437,30.69
resnet18,report,test,0.86,10000,8610,1390,0.861,0.139,0.9583042973286876,359,600,5385.0,1390.0,6775.0,677.5,52.90232881473757,32.25
resnet18,report,test,0.87,10000,8549,1451,0.8549,0.1451,0.9609311030529887,334,625,5010.0,1451.0,6461.0,646.1,55.085158150851576,35.39
resnet18,report,test,0.88,10000,8483,1517,0.8483,0.1517,0.9626311446422257,317,642,4755.0,1517.0,6272.0,627.1999999999999,56.399026763990264,37.28
resnet18,report,test,0.89,10000,8415,1585,0.8415,0.1585,0.9635175282234105,307,652,4605.0,1585.0,6190.0,619.0,56.96906499826208,38.1
resnet18,report,test,0.9,10000,8341,1659,0.8341,0.1659,0.9663109938856252,281,678,4215.0,1659.0,5874.0,587.4,59.16579770594369,41.260000000000005
resnet18,report,test,0.91,10000,8272,1728,0.8272,0.1728,0.9676015473887815,268,691,4020.0,1728.0,5748.0,574.8,60.041710114702816,42.52
resnet18,report,test,0.92,10000,8193,1807,0.8193,0.1807,0.969364091297449,251,708,3765.0,1807.0,5572.0,557.2,61.265206812652075,44.28
resnet18,report,test,0.93,10000,8098,1902,0.8098,0.1902,0.9715979254136824,230,729,3450.0,1902.0,5352.0,535.2,62.79457768508864,46.48
resnet18,report,test,0.94,10000,7996,2004,0.7996,0.2004,0.9736118059029515,211,748,3165.0,2004.0,5169.0,516.9,64.06673618352451,48.309999999999995
resnet18,report,test,0.95,10000,7872,2128,0.7872,0.2128,0.9759908536585366,189,770,2835.0,2128.0,4963.0,496.3,65.49878345498783,50.370000000000005
resnet18,report,test,0.96,10000,7714,2286,0.7714,0.2286,0.9782214156079855,168,791,2520.0,2286.0,4806.0,480.6,66.59019812304484,51.94
resnet18,report,test,0.97,10000,7518,2482,0.7518,0.2482,0.9804469273743017,147,812,2205.0,2482.0,4687.0,468.7,67.41744873131734,53.13
resnet18,report,test,0.98,10000,7268,2732,0.7268,0.2732,0.9836268574573472,119,840,1785.0,2732.0,4517.0,451.7,68.59923531456377,54.83
resnet18,report,test,0.99,10000,6847,3153,0.6847,0.3153,0.9887541989192347,77,882,1155.0,3153.0,4308.0,430.8,70.05213764337852,56.92
