model,threshold,class_name,type_i_false_alarms,type_i_cost,type_ii_missed_detections,type_ii_cost,total_error_cost
baseline_cnn,0.96,airplane,4,20.0,5,50.0,70.0
baseline_cnn,0.96,automobile,11,55.0,5,50.0,105.0
baseline_cnn,0.96,bird,1,5.0,7,70.0,75.0
baseline_cnn,0.96,cat,2,10.0,7,70.0,80.0
baseline_cnn,0.96,deer,12,60.0,5,50.0,110.0
baseline_cnn,0.96,dog,4,20.0,11,110.0,130.0
baseline_cnn,0.96,frog,5,25.0,0,0.0,25.0
baseline_cnn,0.96,horse,4,20.0,3,30.0,50.0
baseline_cnn,0.96,ship,3,15.0,2,20.0,35.0
baseline_cnn,0.96,truck,7,35.0,8,80.0,115.0
resnet18,0.98,airplane,18,90.0,15,150.0,240.0
resnet18,0.98,automobile,8,40.0,12,120.0,160.0
resnet18,0.98,bird,7,35.0,19,190.0,225.0
resnet18,0.98,cat,6,30.0,29,290.0,320.0
resnet18,0.98,deer,24,120.0,3,30.0,150.0
resnet18,0.98,dog,14,70.0,11,110.0,180.0
resnet18,0.98,frog,11,55.0,8,80.0,135.0
resnet18,0.98,horse,4,20.0,4,40.0,60.0
resnet18,0.98,ship,17,85.0,8,80.0,165.0
resnet18,0.98,truck,10,50.0,10,100.0,150.0
