class_name,precision,recall,f1-score,support,model,split
airplane,0.8060724779627816,0.823,0.8144482929242949,1000.0,Baseline CNN,Test
automobile,0.905284147557328,0.908,0.90664003994009,1000.0,Baseline CNN,Test
bird,0.7316062176165803,0.706,0.7185750636132315,1000.0,Baseline CNN,Test
cat,0.6319663512092534,0.601,0.6160943106099436,1000.0,Baseline CNN,Test
deer,0.7712287712287712,0.772,0.7716141929035483,1000.0,Baseline CNN,Test
dog,0.7026239067055393,0.723,0.7126663380975851,1000.0,Baseline CNN,Test
frog,0.8074766355140187,0.864,0.8347826086956521,1000.0,Baseline CNN,Test
horse,0.8446700507614213,0.832,0.8382871536523929,1000.0,Baseline CNN,Test
ship,0.899492385786802,0.886,0.8926952141057934,1000.0,Baseline CNN,Test
truck,0.8686868686868687,0.86,0.864321608040201,1000.0,Baseline CNN,Test
airplane,0.9027504911591356,0.919,0.910802775024777,1000.0,ResNet18,Test
automobile,0.9533267130089376,0.96,0.9566517189835576,1000.0,ResNet18,Test
bird,0.8763931104356636,0.865,0.8706592853548062,1000.0,ResNet18,Test
cat,0.8109243697478992,0.772,0.7909836065573771,1000.0,ResNet18,Test
deer,0.8773764258555133,0.923,0.8996101364522417,1000.0,ResNet18,Test
dog,0.8475247524752475,0.856,0.8517412935323383,1000.0,ResNet18,Test
frog,0.92992992992993,0.929,0.9294647323661832,1000.0,ResNet18,Test
horse,0.9381338742393508,0.925,0.9315206445115812,1000.0,ResNet18,Test
ship,0.948948948948949,0.948,0.9484742371185592,1000.0,ResNet18,Test
truck,0.9535353535353536,0.944,0.9487437185929648,1000.0,ResNet18,Test
